[
  {
    "ID": 30193,
    "Type": "variable",
    "SKU": "BLUEKOI",
    "Name": "CBD Vape | Blue Raspberry Dragon Fruit",
    "Categories": "CBD Vape Juice",
    "Tags": "",
    "Images": "https://koicbd.com/wp-content/uploads/Blue-Combo-1000.png",
    "Parent": ""
  },
  {
    "ID": 30198,
    "Type": "variable",
    "SKU": "REDKOI",
    "Name": "CBD Vape | Strawberry Milkshake",
    "Categories": "CBD Vape Juice",
    "Tags": "",
    "Images": "https://koicbd.com/wp-content/uploads/Red-Combo-1000.png",
    "Parent": ""
  },
  {
    "ID": 30202,
    "Type": "variable",
    "SKU": "GOLDKOI",
    "Name": "CBD Vape | Vanilla Caramel Custard",
    "Categories": "CBD Vape Juice",
    "Tags": "",
    "Images": "https://koicbd.com/wp-content/uploads/Gold-Combo-1000.png",
    "Parent": ""
  },
  {
    "ID": 30207,
    "Type": "variable",
    "SKU": "WHITEKOI",
    "Name": "CBD Vape | Flavorless Koi White",
    "Categories": "CBD Vape Juice",
    "Tags": "",
    "Images": "https://koicbd.com/wp-content/uploads/White-Combo-1000.png",
    "Parent": ""
  },
  {
    "ID": 30211,
    "Type": "variable",
    "SKU": "JADEKOI",
    "Name": "CBD Vape | Watermelon Green Apple Sour",
    "Categories": "CBD Vape Juice",
    "Tags": "",
    "Images": "https://koicbd.com/wp-content/uploads/Jade-Combo-1000.png",
    "Parent": ""
  },
  {
    "ID": 30216,
    "Type": "variable",
    "SKU": "LOTION",
    "Name": "Koi Lotion",
    "Categories": "Topical CBD",
    "Tags": "",
    "Images": "https://koicbd.com/wp-content/uploads/Lotion-Combo-Web.png",
    "Parent": ""
  },
  {
    "ID": 30217,
    "Type": "variable",
    "SKU": "PINKKOI",
    "Name": "CBD Vape | Pink Lemonade",
    "Categories": "CBD Vape Juice",
    "Tags": "",
    "Images": "https://koicbd.com/wp-content/uploads/Pink-Combo-1000.png",
    "Parent": ""
  },
  {
    "ID": 30239,
    "Type": "variable",
    "SKU": "KOINAT-60mL",
    "Name": "Full Spectrum CBD Spray | Koi Naturals | 60mL",
    "Categories": "CBD Oil",
    "Tags": "",
    "Images": "https://koicbd.com/wp-content/uploads/60MG-Fullline.png",
    "Parent": ""
  },
  {
    "ID": 30240,
    "Type": "variable",
    "SKU": "KGMS100",
    "Name": "Soft CBD Gummies | Tropical Fruit Flavor | Koi CBD",
    "Categories": "CBD Gummies",
    "Tags": "",
    "Images": "https://koicbd.com/wp-content/uploads/Koi-Gummies-Regular-20-Piece-2.png",
    "Parent": ""
  },
  {
    "ID": 116376,
    "Type": "simple",
    "SKU": "KPTSCHEWS",
    "Name": "Koi CBD Soft Chews",
    "Categories": "CBD For Pets",
    "Tags": "",
    "Images": "https://koicbd.com/wp-content/uploads/Koi_PetChews.png",
    "Parent": ""
  },
  {
    "ID": 140120,
    "Type": "variable",
    "SKU": "KOIVARIETYPACK-OLD",
    "Name": "Koi CBD Variety Pack - OLD",
    "Categories": "CBD Vape Juice",
    "Tags": "",
    "Images": "https://koicbd.com/wp-content/uploads/vape-variety.png",
    "Parent": ""
  },
  {
    "ID": 168056,
    "Type": "simple",
    "SKU": "PETSPRY",
    "Name": "Koi Naturals CBD Spray for Pets",
    "Categories": "CBD For Pets",
    "Tags": "",
    "Images": "https://koicbd.com/wp-content/uploads/Koi_PetSpray.png",
    "Parent": ""
  },
  {
    "ID": 178105,
    "Type": "variable",
    "SKU": "KOINAT-VARIETYPACK-OLD",
    "Name": "Koi Naturals Variety Pack - OLD",
    "Categories": "CBD Oil",
    "Tags": "",
    "Images": "https://koicbd.com/wp-content/uploads/naturals-variety.png",
    "Parent": ""
  },
  {
    "ID": 205342,
    "Type": "variable",
    "SKU": "NATORN",
    "Name": "Full Spectrum CBD Tincture | Koi Naturals | Orange",
    "Categories": "CBD Oil",
    "Tags": "",
    "Images": "https://koicbd.com/wp-content/uploads/Combo-Orange-2000.png",
    "Parent": ""
  },
  {
    "ID": 205366,
    "Type": "variable",
    "SKU": "NATLMN",
    "Name": "Full Spectrum CBD Tincture | Koi Naturals | Lemon-Lime",
    "Categories": "CBD Oil",
    "Tags": "",
    "Images": "https://koicbd.com/wp-content/uploads/Combo-LemonLime-2000.png",
    "Parent": ""
  },
  {
    "ID": 205491,
    "Type": "variable",
    "SKU": "NATSPR",
    "Name": "Full Spectrum CBD Tincture | Koi Naturals | Spearmint",
    "Categories": "CBD Oil",
    "Tags": "",
    "Images": "https://koicbd.com/wp-content/uploads/Combo-Spearmint-2000.png",
    "Parent": ""
  },
  {
    "ID": 205502,
    "Type": "variable",
    "SKU": "NATNAT",
    "Name": "Full Spectrum CBD Tincture | Koi Naturals | Natural Flavor",
    "Categories": "CBD Oil",
    "Tags": "",
    "Images": "https://koicbd.com/wp-content/uploads/Combo-Naturals-2000.png",
    "Parent": ""
  },
  {
    "ID": 232935,
    "Type": "variable",
    "SKU": "PURKOI",
    "Name": "CBD Vape | Tropical Popsicle",
    "Categories": "CBD Vape Juice",
    "Tags": "",
    "Images": "https://koicbd.com/wp-content/uploads/Tropical-Combo-1000.png",
    "Parent": ""
  },
  {
    "ID": 233107,
    "Type": "variable",
    "SKU": "",
    "Name": "Fuji Apple Nectarine Strawberry",
    "Categories": "CBD Vape Juice",
    "Tags": "",
    "Images": "https://koicbd.com/wp-content/uploads/fuji_10001.png",
    "Parent": ""
  },
  {
    "ID": 233132,
    "Type": "variable",
    "SKU": "",
    "Name": "Raspberry Iced Tea",
    "Categories": "CBD Vape Juice",
    "Tags": "",
    "Images": "https://koicbd.com/wp-content/uploads/raspberry_10001.png",
    "Parent": ""
  },
  {
    "ID": 424649,
    "Type": "simple",
    "SKU": "KHB 500 mg",
    "Name": "CBD Healing Balm | Koi Naturals",
    "Categories": "Topical CBD",
    "Tags": "",
    "Images": "https://koicbd.com/wp-content/uploads/healing-balm-1.png, https://koicbd.com/wp-content/uploads/healing-balm-3.png, https://koicbd.com/wp-content/uploads/healing-balm-4.png",
    "Parent": ""
  },
  {
    "ID": 503515,
    "Type": "simple",
    "SKU": "KPB150MG",
    "Name": "Koi Healing Balm Travel Size",
    "Categories": "Topical CBD",
    "Tags": "",
    "Images": "https://koicbd.com/wp-content/uploads/TravelBalm-500-p.png, https://koicbd.com/wp-content/uploads/TravelBalm-Top-500-p.png, https://koicbd.com/wp-content/uploads/TravelBalm-Inside-500-p.png",
    "Parent": ""
  },
  {
    "ID": 505474,
    "Type": "variable",
    "SKU": "NATSTR",
    "Name": "Full Spectrum CBD Tincture | Koi Naturals | Strawberry",
    "Categories": "CBD Oil",
    "Tags": "",
    "Images": "https://koicbd.com/wp-content/uploads/Combo-Strawberry-2000.png",
    "Parent": ""
  },
  {
    "ID": 505482,
    "Type": "variable",
    "SKU": "NATPPM",
    "Name": "Full Spectrum CBD Tincture | Koi Naturals | Peppermint",
    "Categories": "CBD Oil",
    "Tags": "",
    "Images": "https://koicbd.com/wp-content/uploads/Combo-Peppermint-2000.png",
    "Parent": ""
  },
  {
    "ID": 570582,
    "Type": "simple",
    "SKU": "LOTION-1",
    "Name": "Lavender Koi Lotion Promo",
    "Categories": "Topical CBD",
    "Tags": "",
    "Images": "https://koicbd.com/wp-content/uploads/Lavender-Lotion-Web.png",
    "Parent": ""
  },
  {
    "ID": 573080,
    "Type": "bundle",
    "SKU": "KOINATVARIETYPACK",
    "Name": "Full Spectrum CBD Tincture | Koi Naturals Variety Pack",
    "Categories": "CBD Oil",
    "Tags": "",
    "Images": "https://koicbd.com/wp-content/uploads/naturals-variety.png",
    "Parent": ""
  },
  {
    "ID": 573091,
    "Type": "bundle",
    "SKU": "KOIVARIETYPACK",
    "Name": "CBD Vape | Koi Vape Variety Pack",
    "Categories": "CBD Vape Juice",
    "Tags": "",
    "Images": "https://koicbd.com/wp-content/uploads/vape-variety.png",
    "Parent": ""
  },
  {
    "ID": 604291,
    "Type": "variable",
    "SKU": "",
    "Name": "Koi CBD Wellness Shots",
    "Categories": "CBD Wellness Shots",
    "Tags": "",
    "Images": "https://koicbd.com/wp-content/uploads/Koi-Wellness-3up-2.png, https://koicbd.com/wp-content/uploads/KoiShots-Watermelon.png, https://koicbd.com/wp-content/uploads/KoiShots-Peach.png, https://koicbd.com/wp-content/uploads/IMG_6052.jpg, https://koicbd.com/wp-content/uploads/IMG_6053.jpg, https://koicbd.com/wp-content/uploads/IMG_6049.jpg, https://koicbd.com/wp-content/uploads/KoiShots-Raspberry-1.png",
    "Parent": ""
  },
  {
    "ID": 30197,
    "Type": "variation",
    "SKU": "BLUKOI100",
    "Name": "CBD Vape | Blue Raspberry Dragon Fruit - 100MG",
    "Categories": "",
    "Tags": "",
    "Images": "https://koicbd.com/wp-content/uploads/Blue-Combo-100.png",
    "Parent": "BLUEKOI"
  },
  {
    "ID": 30196,
    "Type": "variation",
    "SKU": "BLUKOI250",
    "Name": "CBD Vape | Blue Raspberry Dragon Fruit - 250MG",
    "Categories": "",
    "Tags": "",
    "Images": "https://koicbd.com/wp-content/uploads/Blue-Combo-250.png",
    "Parent": "BLUEKOI"
  },
  {
    "ID": 30195,
    "Type": "variation",
    "SKU": "BLUKOI500",
    "Name": "CBD Vape | Blue Raspberry Dragon Fruit - 500MG",
    "Categories": "",
    "Tags": "",
    "Images": "https://koicbd.com/wp-content/uploads/Blue-Combo-500.png",
    "Parent": "BLUEKOI"
  },
  {
    "ID": 30194,
    "Type": "variation",
    "SKU": "BLUKOI1000",
    "Name": "CBD Vape | Blue Raspberry Dragon Fruit - 1000MG",
    "Categories": "",
    "Tags": "",
    "Images": "https://koicbd.com/wp-content/uploads/Blue-Combo-1000.png",
    "Parent": "BLUEKOI"
  },
  {
    "ID": 30241,
    "Type": "variation",
    "SKU": "REDKOI1000",
    "Name": "CBD Vape | Strawberry Milkshake - 1000MG",
    "Categories": "",
    "Tags": "",
    "Images": "https://koicbd.com/wp-content/uploads/Red-Combo-1000.png",
    "Parent": "REDKOI"
  },
  {
    "ID": 30201,
    "Type": "variation",
    "SKU": "REDKOI100",
    "Name": "CBD Vape | Strawberry Milkshake - 100MG",
    "Categories": "",
    "Tags": "",
    "Images": "https://koicbd.com/wp-content/uploads/Red-Combo-100.png",
    "Parent": "REDKOI"
  },
  {
    "ID": 30199,
    "Type": "variation",
    "SKU": "REDKOI500",
    "Name": "CBD Vape | Strawberry Milkshake - 500MG",
    "Categories": "",
    "Tags": "",
    "Images": "https://koicbd.com/wp-content/uploads/Red-Combo-500.png",
    "Parent": "REDKOI"
  },
  {
    "ID": 30200,
    "Type": "variation",
    "SKU": "REDKOI250",
    "Name": "CBD Vape | Strawberry Milkshake - 250MG",
    "Categories": "",
    "Tags": "",
    "Images": "https://koicbd.com/wp-content/uploads/Red-Combo-250.png",
    "Parent": "REDKOI"
  },
  {
    "ID": 30206,
    "Type": "variation",
    "SKU": "GOLKOI100",
    "Name": "CBD Vape | Vanilla Caramel Custard - 100MG",
    "Categories": "",
    "Tags": "",
    "Images": "https://koicbd.com/wp-content/uploads/Gold-Combo-100.png",
    "Parent": "GOLDKOI"
  },
  {
    "ID": 30205,
    "Type": "variation",
    "SKU": "GOLKOI250",
    "Name": "CBD Vape | Vanilla Caramel Custard - 250MG",
    "Categories": "",
    "Tags": "",
    "Images": "https://koicbd.com/wp-content/uploads/Gold-Combo-250.png",
    "Parent": "GOLDKOI"
  },
  {
    "ID": 30204,
    "Type": "variation",
    "SKU": "GOLKOI500",
    "Name": "CBD Vape | Vanilla Caramel Custard - 500MG",
    "Categories": "",
    "Tags": "",
    "Images": "https://koicbd.com/wp-content/uploads/Gold-Combo-500.png",
    "Parent": "GOLDKOI"
  },
  {
    "ID": 30203,
    "Type": "variation",
    "SKU": "GOLKOI1000",
    "Name": "CBD Vape | Vanilla Caramel Custard - 1000MG",
    "Categories": "",
    "Tags": "",
    "Images": "https://koicbd.com/wp-content/uploads/Gold-Combo-1000.png",
    "Parent": "GOLDKOI"
  },
  {
    "ID": 182299,
    "Type": "variation",
    "SKU": "WHTKOI100",
    "Name": "CBD Vape | Flavorless Koi White - 100MG",
    "Categories": "",
    "Tags": "",
    "Images": "https://koicbd.com/wp-content/uploads/White-Combo-100.png",
    "Parent": "WHITEKOI"
  },
  {
    "ID": 30210,
    "Type": "variation",
    "SKU": "WHTKOI250",
    "Name": "CBD Vape | Flavorless Koi White - 250MG",
    "Categories": "",
    "Tags": "",
    "Images": "https://koicbd.com/wp-content/uploads/White-Combo-250.png",
    "Parent": "WHITEKOI"
  },
  {
    "ID": 30209,
    "Type": "variation",
    "SKU": "WHTKOI500",
    "Name": "CBD Vape | Flavorless Koi White - 500MG",
    "Categories": "",
    "Tags": "",
    "Images": "https://koicbd.com/wp-content/uploads/White-Combo-500.png",
    "Parent": "WHITEKOI"
  },
  {
    "ID": 30208,
    "Type": "variation",
    "SKU": "WHTKOI1000",
    "Name": "CBD Vape | Flavorless Koi White - 1000MG",
    "Categories": "",
    "Tags": "",
    "Images": "https://koicbd.com/wp-content/uploads/White-Combo-1000.png",
    "Parent": "WHITEKOI"
  },
  {
    "ID": 30214,
    "Type": "variation",
    "SKU": "JADKOI250",
    "Name": "CBD Vape | Watermelon Green Apple Sour - 250MG",
    "Categories": "",
    "Tags": "",
    "Images": "https://koicbd.com/wp-content/uploads/Jade-Combo-250.png",
    "Parent": "JADEKOI"
  },
  {
    "ID": 30215,
    "Type": "variation",
    "SKU": "JADKOI100",
    "Name": "CBD Vape | Watermelon Green Apple Sour - 100MG",
    "Categories": "",
    "Tags": "",
    "Images": "https://koicbd.com/wp-content/uploads/Jade-Combo-100.png",
    "Parent": "JADEKOI"
  },
  {
    "ID": 30213,
    "Type": "variation",
    "SKU": "JADKOI500",
    "Name": "CBD Vape | Watermelon Green Apple Sour - 500MG",
    "Categories": "",
    "Tags": "",
    "Images": "https://koicbd.com/wp-content/uploads/Jade-Combo-500.png",
    "Parent": "JADEKOI"
  },
  {
    "ID": 30212,
    "Type": "variation",
    "SKU": "JADKOI1000",
    "Name": "CBD Vape | Watermelon Green Apple Sour - 1000MG",
    "Categories": "",
    "Tags": "",
    "Images": "https://koicbd.com/wp-content/uploads/Jade-Combo-1000.png",
    "Parent": "JADEKOI"
  },
  {
    "ID": 559148,
    "Type": "variation",
    "SKU": "LTNCTBRST",
    "Name": "Koi Lotion - Citrus Burst",
    "Categories": "",
    "Tags": "",
    "Images": "https://koicbd.com/wp-content/uploads/Citrus-Lotion-Web.png",
    "Parent": "LOTION"
  },
  {
    "ID": 559149,
    "Type": "variation",
    "SKU": "LTNLAV",
    "Name": "Koi Lotion - Lavender",
    "Categories": "",
    "Tags": "",
    "Images": "https://koicbd.com/wp-content/uploads/Lavender-Lotion-Web.png",
    "Parent": "LOTION"
  },
  {
    "ID": 559150,
    "Type": "variation",
    "SKU": "LTNPNKGRP",
    "Name": "Koi Lotion - Pink Grapefruit",
    "Categories": "",
    "Tags": "",
    "Images": "https://koicbd.com/wp-content/uploads/Grapefruit-Lotion-Web.png",
    "Parent": "LOTION"
  },
  {
    "ID": 30221,
    "Type": "variation",
    "SKU": "PNKKOI100",
    "Name": "CBD Vape | Pink Lemonade - 100MG",
    "Categories": "",
    "Tags": "",
    "Images": "https://koicbd.com/wp-content/uploads/Pink-Combo-100.png",
    "Parent": "PINKKOI"
  },
  {
    "ID": 30220,
    "Type": "variation",
    "SKU": "PNKKOI250",
    "Name": "CBD Vape | Pink Lemonade - 250MG",
    "Categories": "",
    "Tags": "",
    "Images": "https://koicbd.com/wp-content/uploads/Pink-Combo-250.png",
    "Parent": "PINKKOI"
  },
  {
    "ID": 30219,
    "Type": "variation",
    "SKU": "PNKKOI500",
    "Name": "CBD Vape | Pink Lemonade - 500MG",
    "Categories": "",
    "Tags": "",
    "Images": "https://koicbd.com/wp-content/uploads/Pink-Combo-500.png",
    "Parent": "PINKKOI"
  },
  {
    "ID": 30218,
    "Type": "variation",
    "SKU": "PNKKOI1000",
    "Name": "CBD Vape | Pink Lemonade - 1000MG",
    "Categories": "",
    "Tags": "",
    "Images": "https://koicbd.com/wp-content/uploads/Pink-Combo-1000.png",
    "Parent": "PINKKOI"
  },
  {
    "ID": 583790,
    "Type": "variation",
    "SKU": "NATORN3000",
    "Name": "Full Spectrum CBD Spray | Koi Naturals | 60mL - 3000MG, Orange",
    "Categories": "",
    "Tags": "",
    "Images": "https://koicbd.com/wp-content/uploads/Combo-Orange-3000.png",
    "Parent": "KOINAT-60mL"
  },
  {
    "ID": 583791,
    "Type": "variation",
    "SKU": "NATPPM3000",
    "Name": "Full Spectrum CBD Spray | Koi Naturals | 60mL - 3000MG, Peppermint",
    "Categories": "",
    "Tags": "",
    "Images": "https://koicbd.com/wp-content/uploads/Combo-Peppermint-3000.png",
    "Parent": "KOINAT-60mL"
  },
  {
    "ID": 583792,
    "Type": "variation",
    "SKU": "NATSTR3000",
    "Name": "Full Spectrum CBD Spray | Koi Naturals | 60mL - 3000MG, Strawberry",
    "Categories": "",
    "Tags": "",
    "Images": "https://koicbd.com/wp-content/uploads/Combo-Strawberry-3000.png",
    "Parent": "KOINAT-60mL"
  },
  {
    "ID": 583788,
    "Type": "variation",
    "SKU": "NATSTR1500",
    "Name": "Full Spectrum CBD Spray | Koi Naturals | 60mL - 1500MG, Strawberry",
    "Categories": "",
    "Tags": "",
    "Images": "https://koicbd.com/wp-content/uploads/Combo-Strawberry-1500.png",
    "Parent": "KOINAT-60mL"
  },
  {
    "ID": 583789,
    "Type": "variation",
    "SKU": "NATLMN3000",
    "Name": "Full Spectrum CBD Spray | Koi Naturals | 60mL - 3000MG, Lemon-Lime",
    "Categories": "",
    "Tags": "",
    "Images": "https://koicbd.com/wp-content/uploads/Combo-LemonLime-3000.png",
    "Parent": "KOINAT-60mL"
  },
  {
    "ID": 583785,
    "Type": "variation",
    "SKU": "NATLMN1500",
    "Name": "Full Spectrum CBD Spray | Koi Naturals | 60mL - 1500MG, Lemon-Lime",
    "Categories": "",
    "Tags": "",
    "Images": "https://koicbd.com/wp-content/uploads/Combo-LemonLime-1500.png",
    "Parent": "KOINAT-60mL"
  },
  {
    "ID": 583786,
    "Type": "variation",
    "SKU": "NATORN1500",
    "Name": "Full Spectrum CBD Spray | Koi Naturals | 60mL - 1500MG, Orange",
    "Categories": "",
    "Tags": "",
    "Images": "https://koicbd.com/wp-content/uploads/Combo-Orange-1500.png",
    "Parent": "KOINAT-60mL"
  },
  {
    "ID": 583787,
    "Type": "variation",
    "SKU": "NATPPM1500",
    "Name": "Full Spectrum CBD Spray | Koi Naturals | 60mL - 1500MG, Peppermint",
    "Categories": "",
    "Tags": "",
    "Images": "https://koicbd.com/wp-content/uploads/Combo-Peppermint-1500.png",
    "Parent": "KOINAT-60mL"
  },
  {
    "ID": 71350,
    "Type": "variation",
    "SKU": "NATNAT1500",
    "Name": "Full Spectrum CBD Spray | Koi Naturals | 60mL - 1500MG, Natural",
    "Categories": "",
    "Tags": "",
    "Images": "https://koicbd.com/wp-content/uploads/Combo-Natural-1500.png",
    "Parent": "KOINAT-60mL"
  },
  {
    "ID": 71351,
    "Type": "variation",
    "SKU": "NATNAT3000",
    "Name": "Full Spectrum CBD Spray | Koi Naturals | 60mL - 3000MG, Natural",
    "Categories": "",
    "Tags": "",
    "Images": "https://koicbd.com/wp-content/uploads/Combo-Natural-3000.png",
    "Parent": "KOINAT-60mL"
  },
  {
    "ID": 71352,
    "Type": "variation",
    "SKU": "NATSPR1500",
    "Name": "Full Spectrum CBD Spray | Koi Naturals | 60mL - 1500MG, Spearmint",
    "Categories": "",
    "Tags": "",
    "Images": "https://koicbd.com/wp-content/uploads/Combo-Spearmint-1500.png",
    "Parent": "KOINAT-60mL"
  },
  {
    "ID": 71353,
    "Type": "variation",
    "SKU": "NATSPR3000",
    "Name": "Full Spectrum CBD Spray | Koi Naturals | 60mL - 3000MG, Spearmint",
    "Categories": "",
    "Tags": "",
    "Images": "https://koicbd.com/wp-content/uploads/Combo-Spearmint-3000.png",
    "Parent": "KOINAT-60mL"
  },
  {
    "ID": 266922,
    "Type": "variation",
    "SKU": "REGGUM6",
    "Name": "Soft CBD Gummies | Tropical Fruit Flavor | Koi CBD - Regular, 6",
    "Categories": "",
    "Tags": "",
    "Images": "https://koicbd.com/wp-content/uploads/Koi-Sour-Gummies-6-pack-2.png",
    "Parent": "KGMS100"
  },
  {
    "ID": 266923,
    "Type": "variation",
    "SKU": "REGGUM20",
    "Name": "Soft CBD Gummies | Tropical Fruit Flavor | Koi CBD - Regular, 20",
    "Categories": "",
    "Tags": "",
    "Images": "https://koicbd.com/wp-content/uploads/Koi-Gummies-Regular-20-Piece-2.png",
    "Parent": "KGMS100"
  },
  {
    "ID": 266924,
    "Type": "variation",
    "SKU": "SRGUM6",
    "Name": "Soft CBD Gummies | Tropical Fruit Flavor | Koi CBD - Sour, 6",
    "Categories": "",
    "Tags": "",
    "Images": "https://koicbd.com/wp-content/uploads/Koi-Sour-Gummies-6-pack-2.png",
    "Parent": "KGMS100"
  },
  {
    "ID": 266925,
    "Type": "variation",
    "SKU": "SRGUM20",
    "Name": "Soft CBD Gummies | Tropical Fruit Flavor | Koi CBD - Sour, 20",
    "Categories": "",
    "Tags": "",
    "Images": "https://koicbd.com/wp-content/uploads/Koi-Gummies-Regular-20-Piece-2.png",
    "Parent": "KGMS100"
  },
  {
    "ID": 140133,
    "Type": "variation",
    "SKU": "",
    "Name": "Koi CBD Variety Pack - OLD",
    "Categories": "",
    "Tags": "",
    "Images": "",
    "Parent": "KOIVARIETYPACK-OLD"
  },
  {
    "ID": 140132,
    "Type": "variation",
    "SKU": "",
    "Name": "Koi CBD Variety Pack - OLD",
    "Categories": "",
    "Tags": "",
    "Images": "",
    "Parent": "KOIVARIETYPACK-OLD"
  },
  {
    "ID": 140131,
    "Type": "variation",
    "SKU": "",
    "Name": "Koi CBD Variety Pack - OLD",
    "Categories": "",
    "Tags": "",
    "Images": "",
    "Parent": "KOIVARIETYPACK-OLD"
  },
  {
    "ID": 528125,
    "Type": "variation",
    "SKU": "SMPLPKNAT2000",
    "Name": "Koi Naturals Variety Pack - OLD",
    "Categories": "",
    "Tags": "",
    "Images": "",
    "Parent": "KOINAT-VARIETYPACK-OLD"
  },
  {
    "ID": 178108,
    "Type": "variation",
    "SKU": "SMPLPKNAT",
    "Name": "Koi Naturals Variety Pack - OLD",
    "Categories": "",
    "Tags": "",
    "Images": "",
    "Parent": "KOINAT-VARIETYPACK-OLD"
  },
  {
    "ID": 178107,
    "Type": "variation",
    "SKU": "SMPLPKNAT500",
    "Name": "Koi Naturals Variety Pack - OLD",
    "Categories": "",
    "Tags": "",
    "Images": "",
    "Parent": "KOINAT-VARIETYPACK-OLD"
  },
  {
    "ID": 178106,
    "Type": "variation",
    "SKU": "SMPLPKNAT1000",
    "Name": "Koi Naturals Variety Pack - OLD",
    "Categories": "",
    "Tags": "",
    "Images": "",
    "Parent": "KOINAT-VARIETYPACK-OLD"
  },
  {
    "ID": 403860,
    "Type": "variation",
    "SKU": "NATORN2000",
    "Name": "Full Spectrum CBD Tincture | Koi Naturals | Orange - 2000MG",
    "Categories": "",
    "Tags": "",
    "Images": "https://koicbd.com/wp-content/uploads/Combo-Orange-2000.png",
    "Parent": "NATORN"
  },
  {
    "ID": 205355,
    "Type": "variation",
    "SKU": "NATORN250",
    "Name": "Full Spectrum CBD Tincture | Koi Naturals | Orange - 250MG",
    "Categories": "",
    "Tags": "",
    "Images": "https://koicbd.com/wp-content/uploads/Combo-Orange-250.png",
    "Parent": "NATORN"
  },
  {
    "ID": 205356,
    "Type": "variation",
    "SKU": "NATORN500",
    "Name": "Full Spectrum CBD Tincture | Koi Naturals | Orange - 500MG",
    "Categories": "",
    "Tags": "",
    "Images": "https://koicbd.com/wp-content/uploads/Combo-Orange-500.png",
    "Parent": "NATORN"
  },
  {
    "ID": 205357,
    "Type": "variation",
    "SKU": "NATORN1000",
    "Name": "Full Spectrum CBD Tincture | Koi Naturals | Orange - 1000MG",
    "Categories": "",
    "Tags": "",
    "Images": "https://koicbd.com/wp-content/uploads/Combo-Orange-1000.png",
    "Parent": "NATORN"
  },
  {
    "ID": 403861,
    "Type": "variation",
    "SKU": "NATLMN2000",
    "Name": "Full Spectrum CBD Tincture | Koi Naturals | Lemon-Lime - 2000 MG",
    "Categories": "",
    "Tags": "",
    "Images": "https://koicbd.com/wp-content/uploads/Combo-LemonLime-2000.png",
    "Parent": "NATLMN"
  },
  {
    "ID": 205406,
    "Type": "variation",
    "SKU": "NATLMN1000",
    "Name": "Full Spectrum CBD Tincture | Koi Naturals | Lemon-Lime - 1000 MG",
    "Categories": "",
    "Tags": "",
    "Images": "https://koicbd.com/wp-content/uploads/Combo-LemonLime-1000.png",
    "Parent": "NATLMN"
  },
  {
    "ID": 205404,
    "Type": "variation",
    "SKU": "NATLMN500",
    "Name": "Full Spectrum CBD Tincture | Koi Naturals | Lemon-Lime - 500 MG",
    "Categories": "",
    "Tags": "",
    "Images": "https://koicbd.com/wp-content/uploads/Combo-LemonLime-500.png",
    "Parent": "NATLMN"
  },
  {
    "ID": 205403,
    "Type": "variation",
    "SKU": "NATLMN250",
    "Name": "Full Spectrum CBD Tincture | Koi Naturals | Lemon-Lime - 250 MG",
    "Categories": "",
    "Tags": "",
    "Images": "https://koicbd.com/wp-content/uploads/Combo-LemonLime-250.png",
    "Parent": "NATLMN"
  },
  {
    "ID": 403859,
    "Type": "variation",
    "SKU": "NATSPR2000",
    "Name": "Full Spectrum CBD Tincture | Koi Naturals | Spearmint - 2000 MG",
    "Categories": "",
    "Tags": "",
    "Images": "https://koicbd.com/wp-content/uploads/Combo-Spearmint-2000.png",
    "Parent": "NATSPR"
  },
  {
    "ID": 205492,
    "Type": "variation",
    "SKU": "NATSPR250",
    "Name": "Full Spectrum CBD Tincture | Koi Naturals | Spearmint - 250 MG",
    "Categories": "",
    "Tags": "",
    "Images": "https://koicbd.com/wp-content/uploads/Combo-Spearmint-250.png",
    "Parent": "NATSPR"
  },
  {
    "ID": 205493,
    "Type": "variation",
    "SKU": "NATSPR500",
    "Name": "Full Spectrum CBD Tincture | Koi Naturals | Spearmint - 500 MG",
    "Categories": "",
    "Tags": "",
    "Images": "https://koicbd.com/wp-content/uploads/Combo-Spearmint-500.png",
    "Parent": "NATSPR"
  },
  {
    "ID": 205494,
    "Type": "variation",
    "SKU": "NATSPR1000",
    "Name": "Full Spectrum CBD Tincture | Koi Naturals | Spearmint - 1000 MG",
    "Categories": "",
    "Tags": "",
    "Images": "https://koicbd.com/wp-content/uploads/Combo-Spearmint-1000.png",
    "Parent": "NATSPR"
  },
  {
    "ID": 403862,
    "Type": "variation",
    "SKU": "NATNAT2000",
    "Name": "Full Spectrum CBD Tincture | Koi Naturals | Natural Flavor - 2000 MG",
    "Categories": "",
    "Tags": "",
    "Images": "https://koicbd.com/wp-content/uploads/Combo-Naturals-2000.png",
    "Parent": "NATNAT"
  },
  {
    "ID": 205504,
    "Type": "variation",
    "SKU": "NATNAT500",
    "Name": "Full Spectrum CBD Tincture | Koi Naturals | Natural Flavor - 500 MG",
    "Categories": "",
    "Tags": "",
    "Images": "https://koicbd.com/wp-content/uploads/Combo-Naturals-500.png",
    "Parent": "NATNAT"
  },
  {
    "ID": 205505,
    "Type": "variation",
    "SKU": "NATNAT1000",
    "Name": "Full Spectrum CBD Tincture | Koi Naturals | Natural Flavor - 1000 MG",
    "Categories": "",
    "Tags": "",
    "Images": "https://koicbd.com/wp-content/uploads/Combo-Naturals-1000.png",
    "Parent": "NATNAT"
  },
  {
    "ID": 205503,
    "Type": "variation",
    "SKU": "NATNAT250",
    "Name": "Full Spectrum CBD Tincture | Koi Naturals | Natural Flavor - 250 MG",
    "Categories": "",
    "Tags": "",
    "Images": "https://koicbd.com/wp-content/uploads/Combo-Naturals-250.png",
    "Parent": "NATNAT"
  },
  {
    "ID": 375669,
    "Type": "variation",
    "SKU": "PURKOI100",
    "Name": "CBD Vape | Tropical Popsicle - 100mg",
    "Categories": "",
    "Tags": "",
    "Images": "https://koicbd.com/wp-content/uploads/Tropical-Combo-100.png",
    "Parent": "PURKOI"
  },
  {
    "ID": 232940,
    "Type": "variation",
    "SKU": "PURKOI250",
    "Name": "CBD Vape | Tropical Popsicle - 250mg",
    "Categories": "",
    "Tags": "",
    "Images": "https://koicbd.com/wp-content/uploads/Tropical-Combo-250.png",
    "Parent": "PURKOI"
  },
  {
    "ID": 232941,
    "Type": "variation",
    "SKU": "PURKOI500",
    "Name": "CBD Vape | Tropical Popsicle - 500mg",
    "Categories": "",
    "Tags": "",
    "Images": "https://koicbd.com/wp-content/uploads/Tropical-Combo-500.png",
    "Parent": "PURKOI"
  },
  {
    "ID": 232942,
    "Type": "variation",
    "SKU": "PURKOI1000",
    "Name": "CBD Vape | Tropical Popsicle - 1000mg",
    "Categories": "",
    "Tags": "",
    "Images": "https://koicbd.com/wp-content/uploads/Tropical-Combo-1000.png",
    "Parent": "PURKOI"
  },
  {
    "ID": 233110,
    "Type": "variation",
    "SKU": "",
    "Name": "Fuji Apple Nectarine Strawberry - 500mg",
    "Categories": "",
    "Tags": "",
    "Images": "https://koicbd.com/wp-content/uploads/fuji_10001.png",
    "Parent": "id:233107"
  },
  {
    "ID": 233111,
    "Type": "variation",
    "SKU": "",
    "Name": "Fuji Apple Nectarine Strawberry - 1000mg",
    "Categories": "",
    "Tags": "",
    "Images": "https://koicbd.com/wp-content/uploads/fuji_10001.png",
    "Parent": "id:233107"
  },
  {
    "ID": 233109,
    "Type": "variation",
    "SKU": "",
    "Name": "Fuji Apple Nectarine Strawberry - 250mg",
    "Categories": "",
    "Tags": "",
    "Images": "https://koicbd.com/wp-content/uploads/fuji_10001.png",
    "Parent": "id:233107"
  },
  {
    "ID": 233133,
    "Type": "variation",
    "SKU": "",
    "Name": "Raspberry Iced Tea - 250mg",
    "Categories": "",
    "Tags": "",
    "Images": "https://koicbd.com/wp-content/uploads/raspberry_10001.png",
    "Parent": "id:233132"
  },
  {
    "ID": 233134,
    "Type": "variation",
    "SKU": "",
    "Name": "Raspberry Iced Tea - 500mg",
    "Categories": "",
    "Tags": "",
    "Images": "https://koicbd.com/wp-content/uploads/raspberry_10001.png",
    "Parent": "id:233132"
  },
  {
    "ID": 233135,
    "Type": "variation",
    "SKU": "",
    "Name": "Raspberry Iced Tea - 1000mg",
    "Categories": "",
    "Tags": "",
    "Images": "https://koicbd.com/wp-content/uploads/raspberry_10001.png",
    "Parent": "id:233132"
  },
  {
    "ID": 505478,
    "Type": "variation",
    "SKU": "NATSTR2000",
    "Name": "Full Spectrum CBD Tincture | Koi Naturals | Strawberry - 2000MG",
    "Categories": "",
    "Tags": "",
    "Images": "https://koicbd.com/wp-content/uploads/Combo-Strawberry-2000.png",
    "Parent": "NATSTR"
  },
  {
    "ID": 505475,
    "Type": "variation",
    "SKU": "NATSTR250",
    "Name": "Full Spectrum CBD Tincture | Koi Naturals | Strawberry - 250MG",
    "Categories": "",
    "Tags": "",
    "Images": "https://koicbd.com/wp-content/uploads/Combo-Strawberry-250.png",
    "Parent": "NATSTR"
  },
  {
    "ID": 505476,
    "Type": "variation",
    "SKU": "NATSTR500",
    "Name": "Full Spectrum CBD Tincture | Koi Naturals | Strawberry - 500MG",
    "Categories": "",
    "Tags": "",
    "Images": "https://koicbd.com/wp-content/uploads/Combo-Strawberry-500.png",
    "Parent": "NATSTR"
  },
  {
    "ID": 505477,
    "Type": "variation",
    "SKU": "NATSTR1000",
    "Name": "Full Spectrum CBD Tincture | Koi Naturals | Strawberry - 1000MG",
    "Categories": "",
    "Tags": "",
    "Images": "https://koicbd.com/wp-content/uploads/Combo-Strawberry-1000.png",
    "Parent": "NATSTR"
  },
  {
    "ID": 505485,
    "Type": "variation",
    "SKU": "NATPPM1000",
    "Name": "Full Spectrum CBD Tincture | Koi Naturals | Peppermint - 1000MG",
    "Categories": "",
    "Tags": "",
    "Images": "https://koicbd.com/wp-content/uploads/Combo-Peppermint-1000.png",
    "Parent": "NATPPM"
  },
  {
    "ID": 505486,
    "Type": "variation",
    "SKU": "NATPPM2000",
    "Name": "Full Spectrum CBD Tincture | Koi Naturals | Peppermint - 2000MG",
    "Categories": "",
    "Tags": "",
    "Images": "https://koicbd.com/wp-content/uploads/Combo-Peppermint-2000.png",
    "Parent": "NATPPM"
  },
  {
    "ID": 505483,
    "Type": "variation",
    "SKU": "NATPPM250",
    "Name": "Full Spectrum CBD Tincture | Koi Naturals | Peppermint - 250MG",
    "Categories": "",
    "Tags": "",
    "Images": "https://koicbd.com/wp-content/uploads/Combo-Peppermint-250.png",
    "Parent": "NATPPM"
  },
  {
    "ID": 505484,
    "Type": "variation",
    "SKU": "NATPPM500",
    "Name": "Full Spectrum CBD Tincture | Koi Naturals | Peppermint - 500MG",
    "Categories": "",
    "Tags": "",
    "Images": "https://koicbd.com/wp-content/uploads/Combo-Peppermint-500.png",
    "Parent": "NATPPM"
  },
  {
    "ID": 604348,
    "Type": "variation",
    "SKU": "WELSHOTPCH25",
    "Name": "Koi CBD Wellness Shots - Peach Sleep Aid",
    "Categories": "",
    "Tags": "",
    "Images": "https://koicbd.com/wp-content/uploads/KoiShots-Peach.png",
    "Parent": "id:604291"
  },
  {
    "ID": 604349,
    "Type": "variation",
    "SKU": "WELSHOTRSP25",
    "Name": "Koi CBD Wellness Shots - Raspberry",
    "Categories": "",
    "Tags": "",
    "Images": "https://koicbd.com/wp-content/uploads/KoiShots-Raspberry-1.png",
    "Parent": "id:604291"
  },
  {
    "ID": 604347,
    "Type": "variation",
    "SKU": "WELSHOTWTM25",
    "Name": "Koi CBD Wellness Shots - Watermelon",
    "Categories": "",
    "Tags": "",
    "Images": "https://koicbd.com/wp-content/uploads/KoiShots-Watermelon.png",
    "Parent": "id:604291"
  }
]